timestamp,username,source_ip,status,location
2025-07-21 03:30:00,hr_user,172.16.0.14,SUCCESS,United Kingdom
2025-07-21 08:00:10,root,192.168.1.18,FAIL,China
2025-07-21 08:00:13,admin,212.45.99.5,FAIL,Russia
2025-07-21 08:00:24,charlie,102.133.9.88,FAIL,Brazil
2025-07-21 08:00:37,david,192.168.1.10,FAIL,Germany
2025-07-21 08:00:40,hr_user,192.168.1.8,SUCCESS,Germany
2025-07-21 08:00:57,admin,192.168.1.19,FAIL,China
2025-07-21 08:01:49,admin,192.168.1.12,FAIL,United Kingdom
2025-07-21 08:01:55,david,10.0.0.42,FAIL,India
2025-07-21 08:02:11,root,10.0.0.39,FAIL,China
2025-07-21 08:02:11,eve,172.16.0.10,FAIL,India
2025-07-21 08:02:24,hr_user,10.0.0.32,FAIL,Germany
2025-07-21 08:02:38,admin,10.0.0.30,FAIL,China
2025-07-21 08:03:56,eve,172.16.0.19,FAIL,United Kingdom
2025-07-21 08:06:51,david,10.0.0.30,FAIL,United Kingdom
2025-07-21 08:06:56,eve,172.16.0.16,FAIL,China
2025-07-21 08:09:38,root,10.0.0.41,FAIL,China
2025-07-21 08:10:45,finance_user,192.168.1.7,FAIL,India
2025-07-21 08:10:54,finance_user,172.16.0.12,FAIL,United Kingdom
2025-07-21 08:11:07,eve,192.168.1.12,FAIL,United Kingdom
2025-07-21 08:11:31,root,10.0.0.37,FAIL,China
2025-07-21 08:11:32,support,192.168.1.13,FAIL,United Kingdom
2025-07-21 08:12:17,charlie,192.168.1.13,SUCCESS,United Kingdom
2025-07-21 08:12:53,alice,192.168.1.13,FAIL,Russia
2025-07-21 08:13:05,root,10.0.0.41,FAIL,Russia
2025-07-21 08:13:32,root,10.0.0.42,FAIL,China
2025-07-21 08:13:42,hr_user,10.0.0.36,FAIL,Russia
2025-07-21 08:14:27,finance_user,172.16.0.13,FAIL,United States
2025-07-21 08:14:28,finance_user,10.0.0.38,FAIL,United States
2025-07-21 08:16:11,bob,10.0.0.44,FAIL,Brazil
2025-07-21 08:16:15,eve,10.0.0.31,FAIL,United States
2025-07-21 08:16:24,eve,192.168.1.12,SUCCESS,Brazil
2025-07-21 08:20:39,alice,192.168.1.5,FAIL,United Kingdom
2025-07-21 08:20:54,root,172.16.0.15,SUCCESS,Russia
2025-07-21 08:21:24,admin,172.16.0.14,FAIL,China
2025-07-21 08:22:29,david,10.0.0.44,FAIL,Brazil
2025-07-21 08:23:54,david,10.0.0.37,FAIL,India
2025-07-21 08:24:05,alice,172.16.0.10,SUCCESS,China
2025-07-21 08:24:25,charlie,10.0.0.44,SUCCESS,Brazil
2025-07-21 08:24:26,eve,192.168.1.12,FAIL,Russia
2025-07-21 08:26:38,charlie,192.168.1.10,FAIL,Russia
2025-07-21 08:27:14,alice,172.16.0.10,FAIL,Germany
2025-07-21 08:27:53,hr_user,192.168.1.18,FAIL,India
2025-07-21 08:29:12,bob,192.168.1.6,SUCCESS,Brazil
2025-07-21 08:30:11,finance_user,172.16.0.17,FAIL,Germany
2025-07-21 08:30:57,bob,85.111.23.6,SUCCESS,Russia
2025-07-21 08:31:37,finance_user,85.111.23.6,FAIL,China
2025-07-21 08:31:56,eve,172.16.0.14,FAIL,Brazil
2025-07-21 08:32:26,alice,192.168.1.5,SUCCESS,United Kingdom
2025-07-21 08:33:39,root,192.168.1.17,SUCCESS,United Kingdom
2025-07-21 08:35:03,david,192.168.1.10,FAIL,Russia
2025-07-21 08:36:07,eve,192.168.1.12,FAIL,China
2025-07-21 08:36:39,bob,172.16.0.10,FAIL,United States
2025-07-21 08:37:49,finance_user,192.168.1.11,FAIL,United Kingdom
2025-07-21 08:38:13,charlie,10.0.0.42,FAIL,Brazil
2025-07-21 08:39:11,root,172.16.0.14,FAIL,China
2025-07-21 08:39:48,bob,10.0.0.44,SUCCESS,India
2025-07-21 08:41:41,bob,192.168.1.6,FAIL,Russia
2025-07-21 08:44:19,alice,10.0.0.41,FAIL,United Kingdom
2025-07-21 08:45:44,finance_user,192.168.1.14,FAIL,Russia
2025-07-21 08:45:55,david,192.168.1.16,FAIL,China
2025-07-21 08:46:01,bob,85.111.23.6,SUCCESS,Germany
2025-07-21 08:47:03,support,10.0.0.31,FAIL,China
2025-07-21 08:49:13,admin,192.168.1.16,FAIL,China
2025-07-21 08:50:00,eve,10.0.0.44,SUCCESS,India
2025-07-21 08:50:23,alice,172.16.0.12,FAIL,India
2025-07-21 08:50:47,hr_user,192.168.1.7,FAIL,Germany
2025-07-21 08:51:25,admin,10.0.0.44,FAIL,China
2025-07-21 08:54:43,finance_user,192.168.1.17,FAIL,Brazil
2025-07-21 08:54:50,alice,192.168.1.5,FAIL,United Kingdom
2025-07-21 08:55:00,alice,192.168.1.5,FAIL,United Kingdom
2025-07-21 08:55:57,hr_user,192.168.1.7,FAIL,China
2025-07-21 08:56:26,admin,192.168.1.17,FAIL,China
2025-07-21 08:57:55,david,172.16.0.14,SUCCESS,China
2025-07-21 08:58:01,charlie,10.0.0.39,FAIL,Germany
2025-07-21 08:58:06,bob,192.168.1.7,SUCCESS,United Kingdom
2025-07-21 08:58:41,alice,10.0.0.41,FAIL,India
2025-07-21 08:58:44,david,172.16.0.15,FAIL,Germany
2025-07-21 08:59:34,hr_user,172.16.0.12,FAIL,India
2025-07-21 08:59:37,charlie,172.16.0.11,SUCCESS,India
2025-07-21 09:00:25,root,10.0.0.42,FAIL,Russia
2025-07-21 09:01:03,hr_user,192.168.1.11,FAIL,India
2025-07-21 09:01:22,bob,212.45.99.5,FAIL,United States
2025-07-21 09:02:19,bob,192.168.1.15,FAIL,India
2025-07-21 09:02:24,hr_user,192.168.1.17,SUCCESS,India
2025-07-21 09:02:29,eve,192.168.1.15,FAIL,United Kingdom
2025-07-21 09:02:38,hr_user,10.0.0.30,SUCCESS,India
2025-07-21 09:02:45,support,212.45.99.5,FAIL,United Kingdom
2025-07-21 09:02:51,root,10.0.0.39,FAIL,China
2025-07-21 09:04:12,finance_user,192.168.1.17,FAIL,Germany
2025-07-21 09:04:12,david,192.168.1.17,SUCCESS,Germany
2025-07-21 09:05:23,admin,102.133.9.88,FAIL,China
2025-07-21 09:07:52,admin,10.0.0.31,FAIL,India
2025-07-21 09:08:28,support,102.133.9.88,SUCCESS,Germany
2025-07-21 09:09:12,charlie,10.0.0.44,FAIL,Brazil
2025-07-21 09:09:48,hr_user,192.168.1.12,FAIL,Germany
2025-07-21 09:11:51,hr_user,10.0.0.44,SUCCESS,China
2025-07-21 09:11:53,eve,10.0.0.31,FAIL,United States
2025-07-21 09:11:58,finance_user,102.133.9.88,FAIL,Russia
2025-07-21 09:12:02,charlie,10.0.0.40,FAIL,Russia
2025-07-21 09:12:41,root,192.168.1.16,FAIL,China
2025-07-21 09:12:52,bob,192.168.1.10,FAIL,China
2025-07-21 09:12:52,charlie,192.168.1.5,FAIL,Germany
2025-07-21 09:14:31,support,10.0.0.43,FAIL,China
2025-07-21 09:16:23,alice,192.168.1.5,FAIL,United Kingdom
2025-07-21 09:17:03,eve,192.168.1.15,SUCCESS,Germany
2025-07-21 09:20:30,eve,102.133.9.88,FAIL,India
2025-07-21 09:20:35,eve,10.0.0.31,FAIL,United States
2025-07-21 09:21:11,bob,85.111.23.6,FAIL,China
2025-07-21 09:22:41,eve,85.111.23.6,FAIL,Brazil
2025-07-21 09:23:14,eve,10.0.0.42,FAIL,Germany
2025-07-21 09:23:50,eve,10.0.0.31,FAIL,United States
2025-07-21 09:24:22,alice,10.0.0.42,FAIL,China
2025-07-21 09:27:01,finance_user,172.16.0.12,FAIL,Russia
2025-07-21 09:27:03,support,10.0.0.38,FAIL,China
2025-07-21 09:28:25,david,192.168.1.18,FAIL,China
2025-07-21 09:29:15,support,10.0.0.37,FAIL,China
2025-07-21 09:30:20,admin,102.133.9.88,FAIL,Russia
2025-07-21 09:30:25,hr_user,172.16.0.12,FAIL,United States
2025-07-21 09:32:17,hr_user,192.168.1.13,FAIL,Russia
2025-07-21 09:34:20,charlie,10.0.0.36,FAIL,Brazil
2025-07-21 09:34:54,hr_user,10.0.0.32,SUCCESS,United Kingdom
2025-07-21 09:35:22,hr_user,172.16.0.18,SUCCESS,India
2025-07-21 09:35:42,alice,10.0.0.44,FAIL,Brazil
2025-07-21 09:36:57,eve,10.0.0.44,FAIL,Brazil
2025-07-21 09:37:47,charlie,10.0.0.40,FAIL,United Kingdom
2025-07-21 09:38:46,charlie,172.16.0.13,FAIL,Brazil
2025-07-21 09:39:09,alice,192.168.1.5,FAIL,United Kingdom
2025-07-21 09:42:24,david,192.168.1.11,FAIL,United States
2025-07-21 09:43:48,finance_user,10.0.0.41,SUCCESS,Germany
2025-07-21 09:45:51,david,172.16.0.19,FAIL,United States
2025-07-21 09:46:41,finance_user,192.168.1.18,FAIL,India
2025-07-21 09:47:12,root,192.168.1.12,FAIL,China
2025-07-21 09:47:45,david,192.168.1.11,FAIL,Germany
2025-07-21 09:47:55,root,172.16.0.18,FAIL,India
2025-07-21 09:49:14,charlie,192.168.1.6,FAIL,United States
2025-07-21 09:50:11,charlie,192.168.1.10,FAIL,Russia
2025-07-21 09:50:39,admin,10.0.0.33,FAIL,United States
2025-07-21 09:50:58,hr_user,10.0.0.35,SUCCESS,India
2025-07-21 09:51:43,david,192.168.1.5,FAIL,United Kingdom
2025-07-21 09:51:57,eve,172.16.0.18,FAIL,United States
2025-07-21 09:52:10,charlie,212.45.99.5,FAIL,India
2025-07-21 09:53:36,hr_user,10.0.0.30,FAIL,Russia
2025-07-21 09:53:38,eve,192.168.1.9,FAIL,India
2025-07-21 09:53:46,finance_user,10.0.0.39,FAIL,China
2025-07-21 09:55:07,admin,192.168.1.5,FAIL,United Kingdom
2025-07-21 09:55:10,eve,192.168.1.16,SUCCESS,Brazil
2025-07-21 09:55:32,david,192.168.1.18,SUCCESS,Germany
2025-07-21 09:55:46,eve,192.168.1.17,FAIL,India
2025-07-21 09:59:52,charlie,10.0.0.34,FAIL,China
